athlete_name,sex,events,last_olympics,olympedia_athlete_id,wa_id,notes
Abdulla Aboobacker,m,tj_m,2024,150098,14606734,
Akshdeep Singh,m,20kmw_m,2024,150099,14792584,
Ankita Dhyani,w,5000m_w,2024,150091,14838634,
Annu Rani Dharayan,w,jt_w,2024,143718,14422692,
Avinash Sable,m,3000msc_m,2024,143751,14778911,
Jeswin Aldrin,m,lj_m,2024,150100,14859332,
Jyothi Yarraji,w,100mh_w,2024,150092,14734731,
Kishore Jena,m,jt_m,2024,150101,14849646,
Neeraj Chopra,m,jt_m,2024,143754,14549089,
Pahal Kiran,w,400m_w,2024,150094,14995337,
Paramjeet Singh Bisht,m,20kmw_m,2024,150104,14975253,
Parul Chaudhary,w,3000msc_w;5000m_w,2024,150095,14483758,
Praveen Chithravel,m,tj_m,2024,2503204,14751433,
Priyanka,w,20kmw_w,2024,143723,14477764,
Sarvesh Anil Kushare,m,hj_m,2024,150107,14742795,
Tajinderpal Singh Toor,m,sp_m,2024,143760,14639433,
Vikash Singh,m,20kmw_m,2024,150108,14743283,
Bhawna Jat,w,20kmw_w,2020,143719,14682025,
Dutee Chand,w,100m_w;200m_w,2020,130540,14502390,
Gurpreet Singh,m,50kmw_m,2020,143721,14421683,
Irfan Kolothum Thodi,m,20kmw_m,2020,120170,14434237,
Jabir Madari Palliyalil,m,400mh_m,2020,143752,14736791,
Kamalpreet Kaur,w,dt_w,2020,143722,14631267,
Murali Sreeshankar,m,lj_m,2020,143759,14734673,
Rahul Rohilla,m,20kmw_m,2020,143756,14754516,
Sandeep Kumar,m,20kmw_m;50kmw_m,2020,134432,14434239,
Seema Antil (Punia),w,dt_w,2020,104937,14286665,
Shivpal Singh,m,jt_m,2020,143758,14670222,
Ankit Sharma,m,lj_m,2016,134417,14371424,
Ganapathi Krishnan,m,20kmw_m,2016,134421,14434236,
Gurmeet Singh,m,20kmw_m,2016,121468,14389146,
Jinson Johnson,m,800m_m,2016,134424,14619717,
Kavita Tungar (Raut),w,marathon_w,2016,130543,14286438,
Kheta Ram,m,marathon_m,2016,134425,14589255,
Khushbir Kaur,w,20kmw_w,2016,130544,14376378,
Lalita Babar,w,3000msc_w,2016,130545,14286121,
Manish Singh (Rawat),m,20kmw_m,2016,134428,14434240,
Manpreet Kaur,w,sp_w,2016,136659,14286146,
Mohammad Anas Yahiya,m,400m_m,2016,134430,14681347,
Nirmala Sheoran,w,400m_w,2016,130546,14545220,
Nitendra Singh Rawat,m,marathon_m,2016,134431,14434316,
O. P. Jaisha,w,marathon_w,2016,130541,14286348,
Renjith Maheshwary,m,tj_m,2016,115037,14209506,
Sapna Punia,w,20kmw_w,2016,130548,14682024,
Srabani Nanda,w,200m_w,2016,130549,14293888,
Sudha Singh,w,3000msc_w,2016,121464,14286591,
Thonakal Gopi,m,marathon_m,2016,134422,14704574,
Tintu Luka,w,800m_w,2016,121465,14286377,
Vikas Gowda,m,dt_m,2016,105716,14188730,
Animesh Kujur,m,100m_m;200m_m,,,14971002,added by hand: promising athlete (user's list)
Gurindervir Singh,m,100m_m;200m_m,,,14777595,added by hand: promising athlete (user's list)
Haritha Bhadra,w,100m_w;200m_w,,,14782006,added by hand: Asian Games 2026 individual medallist; confirm spelling on WA
Abinaya Rajarajan,w,100m_w;200m_w,,,14925769,added by hand: promising athlete (user's list)
Gulveer Singh,m,10000m_m;1500m_m;5000m_m,,,15023839,added by hand: Asian Games 2026 individual medallist
Vishal Thennarasu,m,400m_m,,,15017122,added by hand: promising athlete (user's list); confirm spelling on WA
Ancy Sojan,w,lj_w,,,14770176,added by hand: Asian Games 2026 individual medallist
Vithya Ramraj,w,400mh_w,,,14704576,added by hand: Asian Games 2026 individual medallist
Sawan Berwal,m,marathon_m,,,14798604,added by hand: Asian Games 2026 individual medallist
Yash Vir Singh,m,jt_m,,,14814144,added by hand: Asian Games 2026 individual medallist
Seema Kumari,w,10000m_w,,,14838637,added by hand: Asian Games 2026 individual medallist
Baranica Elangovan,w,pv_w,,,14813580,added by hand: Asian Games 2026 individual medallist
Prachi Choudhary,w,400m_w,,,14716766,added by hand: Asian Games 2026 individual medallist
Tejaswin Shankar,m,dec_m,,,14714481,added by hand: Asian Games 2026 individual medallist
Rohit Yadav,m,jt_m,,,14702008,added by hand: Asian Games 2026 individual medallist
Pooja Singh,w,hj_w,,,14981779,added by hand: Asian Games 2026 individual medallist
M.R. Poovamma,w,400m_w,,,14286161,added by hand: Asian Games 2026 relay medallist
