championship_year,event_key,medal,athlete_name,country_name,mark_raw,official_mark,official_url,matches
2013,20kmw_w,Bronze,Elisa Rigaudo,Italy,1:28:41,1:28:41,not recorded,yes
2013,hj_w,Silver,Anna Chicherova,Russia,1.97,,,not checked
2013,hj_w,Silver,Ruth Beitia,Spain,1.97,,,not checked
2015,100m_m,Bronze,Trayvon Bromell,United States,9.92,,,not checked
2015,100m_m,Bronze,Andre De Grasse,Canada,9.92,,,not checked
2015,800m_w,Gold,Maryna Arzamasava,Belarus,1:58.03,1:58.03,not recorded,yes
2015,dt_w,Bronze,Nadine Müller,Germany,65.53 m,65.53,not recorded,yes
2015,hj_m,Silver,Bohdan Bondarenko,Ukraine,2.33 m,,,not checked
2015,hj_m,Silver,Zhang Guowei,China,2.33 m,,,not checked
2015,pv_m,Bronze,Renaud Lavillenie,France,5.80 m,,,not checked
2015,pv_m,Bronze,Piotr Lisek,Poland,5.80 m,,,not checked
2015,pv_m,Bronze,Paweł Wojciechowski,Poland,5.80 m,,,not checked
2017,5000m_m,Silver,Mo Farah,Great Britain & N.I.,13:33.22,13:33.22,not recorded,yes
2017,pv_w,Bronze,Robeilys Peinado,Venezuela,4.65,,,not checked
2017,pv_w,Bronze,Yarisley Silva,Cuba,4.65,,,not checked
2019,110mh_m,Bronze,Pascal Martinot-Lagarde,France,13.18,,,not checked
2019,110mh_m,Bronze,Orlando Ortega,Spain,13.30,,,not checked
2019,5000m_m,Silver,Selemon Barega,Ethiopia,12:59.70,12:59.70,not recorded,yes
2019,ht_m,Bronze,Bence Halász,Hungary,78.18,,,not checked
2019,ht_m,Bronze,Wojciech Nowicki,Poland,77.69,,,not checked
2019,tj_m,Silver,Will Claye,United States,17.74 m,17.74,not recorded,yes
2022,400mh_m,Bronze,Trevor Bassitt,United States,47.39 PB,47.39,not recorded,yes
2022,tj_w,Gold,Yulimar Rojas,Venezuela,15.47 m WL,15.47,not recorded,yes
2023,110mh_m,Silver,Hansle Parchment,Jamaica,13.07 SB,13.07,not recorded,yes
2023,pv_m,Bronze,Kurtis Marschall,Australia,5.95,,,not checked
2023,pv_m,Bronze,Chris Nilsen,United States,5.95,,,not checked
2023,pv_w,Gold,Nina Kennedy,Australia,4.90 m = WL,,,not checked
2023,pv_w,Gold,Katie Moon,United States,4.90 m = WL,,,not checked
2025,hep_w,Bronze,Katarina Johnson-Thompson,Great Britain and Northern Ireland,6581,,,not checked
2025,hep_w,Bronze,Taliyah Brooks,United States,6581,,,not checked
2025,hj_w,Bronze,Yaroslava Mahuchikh,Ukraine,1.97,,,not checked
2025,hj_w,Bronze,Angelina Topić,Serbia,1.97,,,not checked
2025,sp_w,Silver,Chase Jackson,United States,20.21 m,20.21,not recorded,yes